{
    "bnlearn": {
        "BIFReading": {
            "theme": "BIFExploiting",
            "results": {
                "pigs.bif": [
                    10.494239599996945,
                    null
                ],
                "water.bif": [
                    9.324612099968363,
                    null
                ],
                "pathfinder.bif": [
                    "Error",
                    null
                ],
                "munin.bif": [
                    14.085394499998074,
                    null
                ],
                "mildew.bif": [
                    27.74526270001661,
                    null
                ],
                "link.bif": [
                    12.302991800010204,
                    null
                ],
                "insurance.bif": [
                    8.012126899993746,
                    null
                ],
                "hepar2.bif": [
                    9.942987699992955,
                    null
                ],
                "hailfinder.bif": [
                    9.639263799996115,
                    null
                ],
                "earthquake.bif": [
                    10.195309999980964,
                    null
                ],
                "diabetes.bif": [
                    20.718506300006993,
                    null
                ],
                "child.bif": [
                    20.467971699981717,
                    null
                ],
                "cancer.bif": [
                    6.1647190999938175,
                    null
                ],
                "barley.bif": [
                    11.11075169997639,
                    null
                ],
                "asia.bif": [
                    5.9955330999800935,
                    null
                ],
                "andes.bif": [
                    6.957474600028945,
                    null
                ],
                "alarm.bif": [
                    5.807310999982292,
                    null
                ]
            }
        },
        "LearningHillClimb": {
            "theme": "BIFExploiting",
            "results": {
                "100": [
                    9.912633500003722,
                    [
                        null
                    ]
                ],
                "250": [
                    10.580021400004625,
                    [
                        null
                    ]
                ],
                "500": [
                    15.047519099985948,
                    [
                        null
                    ]
                ],
                "750": [
                    16.876288400031626,
                    [
                        null
                    ]
                ],
                "1000": [
                    20.459291500010295,
                    [
                        null
                    ]
                ],
                "1500": [
                    26.61858489998849,
                    [
                        null
                    ]
                ],
                "2000": [
                    33.62604460003786,
                    [
                        null
                    ]
                ],
                "2500": [
                    37.591301900014514,
                    [
                        null
                    ]
                ],
                "3000": [
                    42.93091950000962,
                    [
                        null
                    ]
                ],
                "3500": [
                    47.68803439999465,
                    [
                        null
                    ]
                ],
                "4000": [
                    "Timeout",
                    [
                        null
                    ]
                ],
                "4500": [
                    "Timeout",
                    [
                        null
                    ]
                ],
                "5000": [
                    "Timeout",
                    [
                        null
                    ]
                ],
                "7500": [
                    "Timeout",
                    [
                        null
                    ]
                ],
                "10000": [
                    "Timeout",
                    [
                        null
                    ]
                ]
            }
        },
        "InferenceRandomBN": {
            "theme": "BIFGeneration",
            "results": {
                "BN_18_1.5_3.bif": [
                    "NotRun",
                    null
                ],
                "BN_15_1.5_2.bif": [
                    "NotRun",
                    null
                ],
                "BN_17_1.5_2.bif": [
                    "NotRun",
                    null
                ],
                "BN_13_1.5_3.bif": [
                    "NotRun",
                    null
                ],
                "BN_11_1.5_3.bif": [
                    "NotRun",
                    null
                ],
                "BN_14_1.5_3.bif": [
                    "NotRun",
                    null
                ],
                "BN_13_1.5_2.bif": [
                    "NotRun",
                    null
                ],
                "BN_16_1.5_3.bif": [
                    "NotRun",
                    null
                ]
            }
        }
    },
    "pgmpy": {
        "BIFReading": {
            "theme": "BIFExploiting",
            "results": {
                "pigs.bif": [
                    6.510697999998229,
                    null
                ],
                "water.bif": [
                    7.216035499994177,
                    null
                ],
                "pathfinder.bif": [
                    "Error",
                    null
                ],
                "munin.bif": [
                    9.517711799999233,
                    null
                ],
                "mildew.bif": [
                    21.852520499989623,
                    null
                ],
                "link.bif": [
                    6.774249400012195,
                    null
                ],
                "insurance.bif": [
                    5.746474899991881,
                    null
                ],
                "hepar2.bif": [
                    6.015683400008129,
                    null
                ],
                "hailfinder.bif": [
                    6.15605780002079,
                    null
                ],
                "earthquake.bif": [
                    5.869627100008074,
                    null
                ],
                "diabetes.bif": [
                    14.966842499998165,
                    null
                ],
                "child.bif": [
                    6.1158614000014495,
                    null
                ],
                "cancer.bif": [
                    5.868924599984894,
                    null
                ],
                "barley.bif": [
                    9.957279499998549,
                    null
                ],
                "asia.bif": [
                    5.8799029999936465,
                    null
                ],
                "andes.bif": [
                    6.144499600020936,
                    null
                ],
                "alarm.bif": [
                    6.036790400015889,
                    null
                ]
            }
        },
        "LearningHillClimb": {
            "theme": "BIFExploiting",
            "results": {
                "100": [
                    9.736119499983033,
                    [
                        null
                    ]
                ],