{
    "bnlearn": {
        "BIFReading": {
            "theme": "BIFExploiting",
            "results": {
                "pigs.bif": [
                    9.21769838999753,
                    null
                ],
                "water.bif": [
                    6.481674029995338,
                    null
                ],
                "pathfinder.bif": [
                    "Error",
                    null
                ],
                "munin.bif": [
                    11.025987734999216,
                    null
                ],
                "mildew.bif": [
                    22.26603885000368,
                    null
                ],
                "link.bif": [
                    7.983912674993917,
                    null
                ],
                "insurance.bif": [
                    6.016571559998555,
                    null
                ],
                "hepar2.bif": [
                    6.150958970001375,
                    null
                ],
                "hailfinder.bif": [
                    6.226910044999386,
                    null
                ],
                "earthquake.bif": [
                    6.036852785004885,
                    null
                ],
                "diabetes.bif": [
                    16.62091356000019,
                    null
                ],
                "child.bif": [
                    6.076817199998187,
                    null
                ],
                "cancer.bif": [
                    6.302848719997565,
                    null
                ],
                "barley.bif": [
                    10.246328544999413,
                    null
                ],
                "asia.bif": [
                    6.021067024992954,
                    null
                ],
                "andes.bif": [
                    6.514276334996975,
                    null
                ],
                "alarm.bif": [
                    6.091941025003326,
                    null
                ]
            }
        },
        "LearningHillClimb": {
            "theme": "BIFExploiting",
            "results": {
                "100": [
                    9.402277845004575,
                    [
                        null
                    ]
                ],
                "250": [
                    11.023549365000507,
                    [
                        null
                    ]
                ],
                "500": [
                    14.900285415002143,
                    [
                        null
                    ]
                ],
                "750": [
                    18.36267288500094,
                    [
                        null
                    ]
                ],
                "1000": [
                    21.170199250002042,
                    [
                        null
                    ]
                ],
                "1500": [
                    26.75744240500062,
                    [
                        null
                    ]
                ],
                "2000": [
                    32.61879909499403,
                    [
                        null
                    ]
                ],
                "2500": [
                    37.84832488000102,
                    [
                        null
                    ]
                ],
                "3000": [
                    42.981493949999276,
                    [
                        null
                    ]
                ],
                "3500": [
                    46.89430299997912,
                    [
                        null
                    ]
                ],
                "4000": [
                    "Timeout",
                    [
                        null
                    ]
                ],
                "4500": [
                    "Timeout",
                    [
                        null
                    ]
                ],
                "5000": [
                    "Timeout",
                    [
                        null
                    ]
                ],
                "7500": [
                    "Timeout",
                    [
                        null
                    ]
                ],
                "10000": [
                    "Timeout",
                    [
                        null
                    ]
                ]
            }
        },
        "InferenceRandomBN": {
            "theme": "BIFGeneration",
            "results": {
                "BN_19_1.5_2.bif": [
                    "NotRun",
                    null
                ],
                "BN_11_1.5_3.bif": [
                    "NotRun",
                    null
                ],
                "BN_10_1.5_2.bif": [
                    "NotRun",
                    null
                ],
                "BN_19_1.5_3.bif": [
                    "NotRun",
                    null
                ],
                "BN_14_1.5_2.bif": [
                    "NotRun",
                    null
                ],
                "BN_16_1.5_2.bif": [
                    "NotRun",
                    null
                ],
                "BN_14_1.5_3.bif": [
                    "NotRun",
                    null
                ],
                "BN_15_1.5_2.bif": [
                    "NotRun",
                    null
                ],
                "BN_17_1.5_2.bif": [
                    "NotRun",
                    null
                ]
            }
        }
    },
    "pgmpy": {
        "BIFReading": {
            "theme": "BIFExploiting",
            "results": {
                "pigs.bif": [
                    6.475178989996492,
                    null
                ],
                "water.bif": [
                    6.402861295003095,
                    null
                ],
                "pathfinder.bif": [
                    "Error",
                    null
                ],
                "munin.bif": [
                    8.963593874996878,
                    null
                ],
                "mildew.bif": [
                    21.62071780500264,
                    null
                ],
                "link.bif": [
                    6.840139264999015,
                    null
                ],
                "insurance.bif": [
                    6.00645869,
                    null
                ],
                "hepar2.bif": [
                    6.039012820001518,
                    null
                ],
                "hailfinder.bif": [
                    6.058139449998271,
                    null
                ],
                "earthquake.bif": [
                    5.9414191899995785,
                    null
                ],
                "diabetes.bif": [
                    14.9419179599965,
                    null
                ],
                "child.bif": [
                    5.959112815000117,
                    null
                ],
                "cancer.bif": [
                    5.905591504991754,
                    null
                ],
                "barley.bif": [
                    10.010701230000997,
                    null
                ],
                "asia.bif": [
                    5.920154465004452,
                    null
                ],
                "andes.bif": [
                    6.195624329999555,
                    null
                ],
                "alarm.bif": [
                    5.95605884000397,
                    null
                ]
            }
        },
        "LearningHillClimb": {
            "theme": "BIFExploiting",
            "results": {
                "100": [
                    8.882973759999732,
                    [
                        null
                    ]
                ],