{
    "bnlearn": {
        "Exact_Inference_multi_target": {
            "theme": "Inference",
            "results": {
                "pigs.bif": {
                    "runtime": [
                        [
                            17.71415100000013,
                            61.608070000002044
                        ]
                    ]
                },
                "water.bif": {
                    "runtime": [
                        [
                            14.908330400001432,
                            15.593916600002558
                        ]
                    ]
                },
                "munin.bif": {
                    "runtime": [
                        [
                            20.314777399999002,
                            "Timeout"
                        ]
                    ]
                },
                "mildew.bif": {
                    "runtime": [
                        [
                            34.5879926000016,
                            34.74170790000062
                        ]
                    ]
                },
                "link.bif": {
                    "runtime": [
                        [
                            16.94363019999946,
                            162.54615979999653
                        ]
                    ]
                },
                "insurance.bif": {
                    "runtime": [
                        [
                            13.043643099998008,
                            12.788125900002342
                        ]
                    ]
                },
                "hepar2.bif": {
                    "runtime": [
                        [
                            13.24776589999965,
                            16.551987500002724
                        ]
                    ]
                },
                "hailfinder.bif": {
                    "runtime": [
                        [
                            14.667745200000354,
                            14.843133799997304
                        ]
                    ]
                },
                "earthquake.bif": {
                    "runtime": [
                        [
                            13.767825800001447,
                            13.78870520000055
                        ]
                    ]
                },
                "diabetes.bif": {
                    "runtime": [
                        [
                            29.594305099999474,
                            111.2199443999998
                        ]
                    ]
                },
                "child.bif": {
                    "runtime": [
                        [
                            14.785618500001874,
                            13.8219330000029
                        ]
                    ]
                },
                "cancer.bif": {
                    "runtime": [
                        [
                            13.731476299999485,
                            14.112229899998056
                        ]
                    ]
                },
                "barley.bif": {
                    "runtime": [
                        [
                            16.131271400001424,
                            19.881199999999808
                        ]
                    ]
                },
                "asia.bif": {
                    "runtime": [
                        [
                            13.794357599999785,
                            13.999819399999978
                        ]
                    ]
                },
                "andes.bif": {
                    "runtime": [
                        [
                            14.348710700000083,
                            26.72402560000046
                        ]
                    ]
                },
                "alarm.bif": {
                    "runtime": [
                        [
                            14.250192999999854,
                            14.16109460000007
                        ]
                    ]
                }
            }
        }
    },
    "pgmpy": {
        "Exact_Inference_multi_target": {
            "theme": "Inference",
            "results": {
                "pigs.bif": {
                    "runtime": [
                        [
                            13.730834000001778,
                            14.401498300001549
                        ]
                    ]
                },
                "water.bif": {
                    "runtime": [
                        [
                            13.699545499999658,
                            13.726272699997935
                        ]
                    ]
                },
                "munin.bif": {
                    "runtime": [
                        [
                            17.864377500001865,
                            22.164042100001097
                        ]
                    ]
                },
                "mildew.bif": {
                    "runtime": [
                        [
                            33.402881800000614,
                            34.85782009999821
                        ]
                    ]
                },
                "link.bif": {
                    "runtime": [
                        [
                            15.977863200001593,
                            18.409790699999576
                        ]
                    ]
                },
                "insurance.bif": {
                    "runtime": [
                        [
                            13.315534099998331,
                            15.049507600000652
                        ]
                    ]
                },
                "hepar2.bif": {
                    "runtime": [
                        [
                            15.299632199999905,
                            13.652889300003153
                        ]
                    ]
                },
                "hailfinder.bif": {
                    "runtime": [
                        [
                            12.414422300000297,
                            12.372522099998605
                        ]
                    ]
                },
                "earthquake.bif": {
                    "runtime": [
                        [
                            15.830899200002023,
                            15.213157899997896
                        ]
                    ]
                },
                "diabetes.bif": {
                    "runtime": [
                        [
                            25.558996700001444,
                            57.918996000000334
                        ]
                    ]
                },
                "child.bif": {
                    "runtime": [
                        [
                            14.381986500000494,
                            13.85277849999693
                        ]
                    ]
                },
                "cancer.bif": {
                    "runtime": [
                        [
                            14.08559139999852,
                            17.3576221000003
                        ]
                    ]
                },
                "barley.bif": {
                    "runtime": [
                        [
                            23.98850289999973,
                            20.968042600001354
                        ]
                    ]
                },
                "asia.bif": {
                    "runtime": [
                        [
                            14.547655200000008,
                            16.430158799998026
                        ]
                    ]
                },